state,year,deaths,pop,rate_per_million,log_pop
AK,2015,4,738430,5.416898013352654,13.512281589731169
AK,2016,8,742575,10.773322560010774,13.517879154658825
AK,2017,8,740983,10.796469014808707,13.515732962044742
AK,2018,7,736624,9.50281283259845,13.509832864596445
AK,2019,7,733603,9.541945711781441,13.505723289338059
AK,2020,9,733017,12.278023565619897,13.504924172960013
AK,2021,7,734420,9.531330846109856,13.506836351033071
AK,2022,5,734442,6.8078895270150674,13.506866306195642
AK,2023,6,736510,8.146528899811273,13.509678092525164
AK,2024,8,740133,10.808868135862069,13.51458517876063
AL,2015,17,4854803,3.5016868861620134,15.395479082159278
AL,2016,24,4866824,4.9313474249325635,15.397952126255015
AL,2017,25,4877989,5.125062807644708,15.40024360273291
AL,2018,13,4891628,2.657601927211145,15.403035730379424
AL,2019,11,4907965,2.2412547766742428,15.406369953573169
AL,2020,16,5033094,3.1789591054726976,15.431545462317647
AL,2021,24,5049196,4.753231999708468,15.434739580655824
AL,2022,20,5076181,3.939969831650999,15.440069765179109
AL,2023,29,5117673,5.6666379426743365,15.448210401515311
AL,2024,21,5157699,4.071583083851927,15.456001107768733
AR,2015,5,2979732,1.6780032566687204,14.907343921551476
AR,2016,15,2991815,5.013678987504241,14.911390784614053
AR,2017,12,3003855,3.9948665964235954,14.915407021726477
AR,2018,20,3012161,6.639751328033262,14.918168319328615
AR,2019,21,3020985,6.951375130958942,14.921093495113185
AR,2020,11,3014546,3.648974008026416,14.918959796373874
AR,2021,13,3026870,4.294865653298622,14.92303964026959
AR,2022,16,3047704,5.249853660329219,14.929899078212022
AR,2023,13,3069463,4.235268514394863,14.937013185696568
AR,2024,17,3088354,5.504550320332449,14.943148820862149
AZ,2015,42,6832810,6.146812219277281,15.737246567141865
AZ,2016,49,6944767,7.055672278134025,15.753498984291735
AZ,2017,44,7048088,6.242827842104128,15.768266932331784
AZ,2018,61,7164228,8.514525221698696,15.784610867451955
AZ,2019,35,7291843,4.799883925092737,15.802266884104585
AZ,2020,45,7187135,6.261187524653426,15.787803180189567
AZ,2021,37,7274078,5.086555299516997,15.799827627595032
AZ,2022,52,7377566,7.0483950939917035,15.813954331879174
AZ,2023,48,7473027,6.42310003697297,15.826810695912725
AZ,2024,48,7582384,6.3304628201367805,15.841338220043413
CA,2015,190,38904296,4.8837794160315875,17.476615239508952
CA,2016,139,39149186,3.550520820535068,17.482890188358624
CA,2017,160,39337785,4.067336277322172,17.48769606532379
CA,2018,116,39437463,2.941365675576038,17.490226760071923
CA,2019,135,39437610,3.423128328516865,17.49023048748527
CA,2020,147,39521958,3.7194513490450043,17.492366974151064
CA,2021,141,39142565,3.6022166661791326,17.48272105176553
CA,2022,129,39142414,3.2956577486508625,17.482717194065064
CA,2023,137,39198693,3.495014489386164,17.484153962368104
CA,2024,111,39431263,2.815025225035272,17.49006953678895
CO,2015,29,5454328,5.316878632894832,15.51191997992664
CO,2016,31,5543844,5.591787936312782,15.528198680927842
CO,2017,31,5617421,5.518546678271043,15.541383219747361
CO,2018,46,5697155,8.07420545868947,15.55547748539451
CO,2019,36,5758486,6.251643227056556,15.566185150899466
CO,2020,42,5787129,7.257484669859615,15.571146871650193
CO,2021,41,5814036,7.051899919436344,15.575785552032253
CO,2022,40,5850935,6.836514163975501,15.582112035496564
CO,2023,41,5901339,6.947575795933771,15.590689832279427
CO,2024,38,5957493,6.378521972245708,15.600160312964835
CT,2015,2,3588561,0.5573264603834238,15.093261844453782
CT,2016,3,3579830,0.838028621470852,15.090825871215866
CT,2017,5,3575324,1.3984746557235093,15.089566359374281
CT,2018,1,3574561,0.2797546328066579,15.089352929367253
CT,2019,4,3566022,1.121698071408421,15.086961246763646
CT,2020,5,3579918,1.3966800356879683,15.090850453086626
CT,2021,2,3606607,0.5545378246091132,15.098277999139578
CT,2022,1,3617925,0.27640152850045263,15.101411215037606
CT,2023,6,3643023,1.6469838373241126,15.108324389448674
CT,2024,3,3675069,0.8163112039529054,15.117082465963021
DC,2015,4,677014,5.9082973173376025,13.425447231148837
DC,2016,5,687576,7.271923394650192,13.44092764786771
DC,2017,2,697079,2.8691152652712244,13.454654026217975
DC,2018,1,704147,1.4201580067798343,13.464742420161253
DC,2019,1,708253,1.4119248347694962,13.470556653476239
DC,2020,1,670917,1.4904973342455177,13.416400712326686
DC,2021,7,669256,10.459375784453185,13.41392192660203
DC,2022,3,676725,4.433115371827552,13.425020265530812
DC,2023,4,687324,5.8196716541252735,13.44056107574927
DC,2024,2,702250,2.8479886080455676,13.46204474496649
DE,2015,3,942065,3.184493638973956,13.755829553301105
DE,2016,1,949989,1.0526437674541496,13.764205684562318
DE,2017,6,957942,6.263427222107393,13.772542512322714
DE,2018,0,966985,0,13.78193826242267
DE,2019,2,976668,2.0477787743634477,13.791902057511923
DE,2020,2,991928,2.016275374825592,13.807405802987747
DE,2021,2,1005062,1.9899269895787524,13.820559789114757
DE,2022,2,1020625,1.9595835884874464,13.835925742706866
DE,2023,2,1036423,1.9297140260299124,13.851285919627632
DE,2024,2,1051917,1.9012906911857115,13.866124771828831
FL,2015,61,20219111,3.0169476788568996,16.82213880422012
FL,2016,60,20627237,2.908775421545794,16.842122944909654
FL,2017,57,20977089,2.7172502342913263,16.858941400113977
FL,2018,64,21254926,3.0110667051957742,16.87209923823521
FL,2019,63,21492056,2.9313156451853652,16.88319393644815
FL,2020,93,21592035,4.307143814837277,16.887835054649393
FL,2021,50,21831949,2.2902215464134694,16.89888500534706
FL,2022,62,22379312,2.7704158197535294,16.923647518641825
FL,2023,81,22904868,3.5363661558756854,16.946860022352517
FL,2024,81,23372215,3.4656535548727407,16.96705848165574
GA,2015,29,10183353,2.847785007551049,16.136264886172132
GA,2016,27,10308442,2.619212486232158,16.148473729152137
GA,2017,29,10417031,2.7839026302216054,16.15895262086693
GA,2018,44,10519389,4.182752439328938,16.16873068373923
GA,2019,37,10628020,3.4813634148223285,16.179004467681676
GA,2020,40,10732888,3.7268627046140796,16.188823230302535
GA,2021,51,10792060,4.725696484267137,16.194321236528108
GA,2022,49,10931805,4.482333887221736,16.20718698832984
GA,2023,49,11064432,4.428605101463861,16.21924619711762
GA,2024,38,11180878,3.3986597474724256,16.229715555702477
HI,2015,2,1422999,1.405482365061395,14.168277174331054
HI,2016,6,1428885,4.199078302312642,14.172404977816406
HI,2017,3,1425763,2.1041365219885773,14.170217666985282
HI,2018,11,1423102,7.7295935217574,14.168349554053378
HI,2019,7,1415615,4.944847292519506,14.163074623610926
HI,2020,2,1451252,1.3781204091363872,14.187937190115598
HI,2021,6,1447029,4.1464269202621375,14.185023046877893
HI,2022,2,1440359,1.388542717475296,14.180402946036272
HI,2023,4,1441387,2.7751048122398774,14.181116402422509
HI,2024,4,1446146,2.765972453680334,14.184412644792008
IA,2015,5,3122541,1.6012599994683818,14.954157651400068
IA,2016,5,3133210,1.5958074945503173,14.957568596095303
IA,2017,5,3143734,1.5904653510761406,14.960921823354015
IA,2018,9,3149900,2.857233562970253,14.962881264266153
IA,2019,5,3159596,1.582480798177995,14.965954729288564
IA,2020,6,3191141,1.8802052306682782,14.975889091059479
IA,2021,9,3198613,2.8137195715768053,14.97822783630877
IA,2022,6,3202820,1.8733491110958467,14.97954222969715
IA,2023,4,3218414,1.2428481854727205,14.984399249595826
IA,2024,9,3241488,2.776502643230516,14.991543041600515
ID,2015,7,1652495,4.2360188684383315,14.317796824984793
ID,2016,6,1684036,3.56286920232109,14.336703851228119
ID,2017,6,1719745,3.488889341152322,14.357686581984703
ID,2018,13,1752074,7.419777931754024,14.376310787029421
ID,2019,7,1789060,3.9126692229438924,14.397200900218008
ID,2020,6,1849415,3.2442691337531055,14.430379930831402
ID,2021,13,1904848,6.824691523943118,14.459912773333299
ID,2022,7,1944299,3.6002693001436508,14.480412058759864
ID,2023,14,1971122,7.102553773941947,14.494113481733237
ID,2024,11,2001619,5.495551351181219,14.509466911055807
IL,2015,21,12859585,1.6330231496584067,16.369600005646507
IL,2016,26,12821709,2.027810801196627,16.366650307904457
IL,2017,19,12779893,1.4867104129901556,16.36338363442165
IL,2018,20,12724685,1.5717481415060568,16.359054365674034
IL,2019,13,12667017,1.02628740452468,16.354512086534815
IL,2020,13,12799088,1.0156973684375012,16.364884476351445
IL,2021,28,12700641,2.204613137242443,16.357163022596072
IL,2022,24,12621821,1.9014688926423533,16.35093769943806
IL,2023,25,12642259,1.9774946866695262,16.352555649069192
IL,2024,23,12710158,1.8095762460230629,16.35791207424494
IN,2015,19,6611442,2.873805744646932,15.704312342347327
IN,2016,14,6637898,2.109101405294266,15.70830590506988
IN,2017,19,6662068,2.8519672870345967,15.711940504828672
IN,2018,18,6698481,2.6871763911848072,15.717391342239232
IN,2019,16,6731010,2.3770578263886106,15.722235764655096
IN,2020,25,6790497,3.6816156461007195,15.73103469273248
IN,2021,21,6815907,3.081027954166628,15.734769703032006
IN,2022,17,6844545,2.483729743905548,15.73896254261805
IN,2023,33,6880131,4.796420300718111,15.74414825042593
IN,2024,32,6924275,4.621422459391056,15.750543911416173
KS,2015,9,2910717,3.092021656519682,14.88391000055079
KS,2016,10,2912977,3.432914163070975,14.884686140270167
KS,2017,12,2910892,4.122447689574192,14.883970121386817
KS,2018,7,2912748,2.403228840943329,14.884607523445611
KS,2019,9,2912635,3.089985528567775,14.884568727713207
KS,2020,7,2938172,2.3824337036769805,14.893298177229056
KS,2021,11,2938338,3.7436128859239473,14.893354673346666
KS,2022,12,2937324,4.085351156358645,14.893009520745965
KS,2023,9,2951500,3.049296967643571,14.897824073662882
KS,2024,13,2970606,4.37621145315131,14.904276530369511
KY,2015,16,4429126,3.612450853735026,15.303712831360462
KY,2016,18,4440306,4.0537746722860994,15.306233850952527
KY,2017,17,4455590,3.815431850776216,15.309670045584014
KY,2018,20,4464273,4.480012759076338,15.311616937087315
KY,2019,15,4472345,3.353945189827708,15.313423437531938
KY,2020,20,4508318,4.436244293326247,15.321434692913869
KY,2021,22,4507583,4.880664427033291,15.32127164764493
KY,2022,16,4519233,3.5404237843014514,15.323852847143906
KY,2023,18,4550595,3.955526694860782,15.330768551608353
KY,2024,17,4588372,3.7050178145974213,15.339035835025586
LA,2015,27,4666998,5.785303529163715,15.356026596391043
LA,2016,19,4681346,4.058661760955076,15.359096233380518
LA,2017,19,4673673,4.065325066601792,15.357455830144433
LA,2018,15,4664450,3.2158132255678593,15.355480486063186
LA,2019,19,4658285,4.078754305500844,15.354157912612658
LA,2020,20,4652301,4.2989479829443535,15.352872493880916
LA,2021,22,4627971,4.753703080680497,15.347629101070368
LA,2022,19,4593687,4.136111145578704,15.340193527563528
LA,2023,20,4588071,4.359130449376219,15.33897023226423
LA,2024,20,4597740,4.349963242810598,15.34107543638197
MA,2015,9,6797484,1.3240192989053008,15.732063101679445
MA,2016,12,6827280,1.7576545857208141,15.736436909181764
MA,2017,3,6863560,0.43709095571394435,15.741736815531176
MA,2018,3,6885720,0.43568428573918194,15.74496025984069
MA,2019,5,6894883,0.7251754670818924,15.746290100247583
MA,2020,6,6994598,0.857804837390226,15.760648694809118
MA,2021,11,7000474,1.5713221704701712,15.761488419012792
MA,2022,5,7022468,0.7120003964418208,15.764625281168382
MA,2023,5,7066568,0.7075570489097395,15.770885488612507
MA,2024,2,7136171,0.2802623423681972,15.78068691595936
MD,2015,15,5988528,2.5047891568679317,15.605356196987055
MD,2016,15,6007014,2.497080912413389,15.608438344443867
MD,2017,9,6028186,1.4929864473325807,15.611956694257795
MD,2018,12,6042153,1.9860470266145196,15.614270963348954
MD,2019,19,6054954,3.1379263987802384,15.616387337913222
MD,2020,14,6177935,2.266129378182192,15.636494631201042
MD,2021,16,6179403,2.589246890031286,15.636732222825858
MD,2022,11,6192440,1.7763595610131064,15.638839751158622
MD,2023,7,6217062,1.1259337609951452,15.64280800585737
MD,2024,11,6263220,1.7562851057443296,15.650204987826587
ME,2015,2,1329098,1.5047799334586314,14.100011074630622
ME,2016,2,1332348,1.5011093197873229,14.102453357220952
ME,2017,9,1335743,6.737823069258083,14.104998249304696
ME,2018,3,1340123,2.238600486671746,14.10827195875933
ME,2019,3,1345770,2.2292070710448293,14.112476897914108
ME,2020,4,1364571,2.9313242037241007,14.126350651488806
ME,2021,6,1378931,4.3511966878690815,14.136819119265425
ME,2022,5,1390922,3.5947378789033464,14.145477394566976
ME,2023,5,1399646,3.5723318610562957,14.151729905468873
ME,2024,10,1405012,7.117376933435445,14.155556401638776
MI,2015,16,9934483,1.6105518525724993,16.1115223943654
MI,2016,12,9954117,1.2055313394447744,16.113496792400273
MI,2017,14,9976752,1.4032623042048153,16.115768144415206
MI,2018,20,9987286,2.002546037031482,16.116823442043632
MI,2019,13,9984795,1.3019796600731413,16.1165739938251
MI,2020,17,10072703,1.687729698771025,16.12533964972889
MI,2021,25,10041351,2.489704821592234,16.122222224928226
MI,2022,20,10050877,1.9898761073287436,16.123170452343697
MI,2023,29,10083356,2.8760265927336097,16.126396701704373
MI,2024,21,10140459,2.0709121746855836,16.132043821375014
MN,2015,12,5484002,2.1881830094153867,15.517345684361576
MN,2016,14,5525360,2.533771555156587,15.524858961616417
MN,2017,10,5569283,1.7955632708914235,15.53277687830347
MN,2018,12,5608762,2.1395095744836383,15.539840575784194
MN,2019,11,5640053,1.9503362823008932,15.545404020593208
MN,2020,8,5710735,1.4008704658857398,15.557858294889442
MN,2021,12,5718660,2.098393679638237,15.559245070177212
MN,2022,9,5721621,1.5729808038665967,15.559762714816555
MN,2023,8,5753048,1.3905672262772708,15.565240359283594
MN,2024,11,5793151,1.8987939378759504,15.572186915680705
MO,2015,21,6075411,3.4565562724892196,15.619760199223423
MO,2016,21,6091384,3.4474923925334537,15.622385871666609
MO,2017,31,6111382,5.07250242252898,15.625663492150828
MO,2018,24,6125986,3.9177366712885076,15.628050281031078
MO,2019,28,6140475,4.5599078247204,15.630412658694592
MO,2020,25,6154744,4.06190736771505,15.63273372453425
MO,2021,31,6171374,5.023192566193525,15.635432061527338
MO,2022,29,6179414,4.693001634135534,15.63673400293151
MO,2023,27,6208038,4.3492001820865145,15.641355461960478
MO,2024,26,6245466,4.163020021244212,15.647366318453662
MS,2015,8,2990231,2.675378591152322,14.910861199907744
MS,2016,8,2990595,2.675052957689022,14.910982922225179
MS,2017,17,2990674,5.684337376791988,14.911009338024236
MS,2018,10,2982879,3.3524658559733735,14.908399499482758
MS,2019,18,2978227,6.043864352851545,14.906838714975866
MS,2020,10,2958536,3.380050132903571,14.900205109353397
MS,2021,22,2947209,7.464689474007442,14.89636917878439
MS,2022,13,2941939,4.4188543678166,14.894579445734138
MS,2023,16,2943172,5.436311571325088,14.894998469272705
MS,2024,17,2943045,5.776330297362086,14.894955317618589
MT,2015,4,1031495,3.877866591694579,13.846519764171953
MT,2016,5,1042137,4.797833682135842,13.856783970580047
MT,2017,6,1053862,5.693345048972256,13.86797206972012
MT,2018,6,1061818,5.6506858990900515,13.875493091333093
MT,2019,6,1070123,5.60683211182266,13.883284153102496
MT,2020,10,1087230,9.19768586223706,13.899143735257352
MT,2021,7,1106522,6.326128174586678,13.916732320788013
MT,2022,7,1122095,6.238330979106047,13.930708031712186
MT,2023,7,1131302,6.187560881179384,13.938879739790659
MT,2024,11,1137233,9.672600074039357,13.944108676980228
NC,2015,23,10037218,2.2914716009954152,16.121810542197412
NC,2016,32,10161802,3.14904777715606,16.13414634659252
NC,2017,22,10275758,2.140961279936721,16.145298086915144
NC,2018,25,10391358,2.4058453187735425,16.15648505713322
NC,2019,33,10501384,3.1424429389497615,16.16701761596545
NC,2020,34,10449652,3.253696869522545,16.162079234385182
NC,2021,27,10564320,2.5557726384660824,16.17299284349661
NC,2022,32,10710793,2.987640597666298,16.1867624826334
NC,2023,41,10881189,3.76797057748009,16.202546076509343
NC,2024,41,11046024,3.7117427954167037,16.21758110217312
ND,2015,1,755537,1.323561916888253,13.535184033685013
ND,2016,1,756114,1.3225518903234168,13.535947437444245
ND,2017,3,756755,3.9642949171132003,13.536794834063988
ND,2018,4,760062,5.262728566880071,13.541155287882502
ND,2019,0,763724,0,13.54596174633529
ND,2020,3,779563,3.848309886436375,13.566488785253252
ND,2021,3,777966,3.8562096544064906,13.564438100406091
ND,2022,3,781057,3.8409488680083532,13.56840340951334
ND,2023,2,789047,2.5347032559530676,13.578581167128622
ND,2024,7,796568,8.787699229695393,13.588067778197232
NE,2015,8,1892059,4.228197957886091,14.453176212040098
NE,2016,7,1906483,3.6716823596119137,14.460770741376638
NE,2017,0,1916998,0,14.46627097873042
NE,2018,1,1925512,0.5193423878947521,14.470702464365175
NE,2019,6,1932571,3.104672480338368,14.474361798742944
NE,2020,4,1963387,2.0372957547340387,14.490181601051276
NE,2021,10,1964537,5.0902579080974295,14.490767152112273
NE,2022,4,1972246,2.0281445620880967,14.49468355281483
NE,2023,5,1987864,2.5152626135389546,14.502571253395777
NE,2024,4,2005465,1.9945498924189653,14.511386512032976
NH,2015,3,1337480,2.243024194754314,14.10629780436947
NH,2016,2,1343694,1.4884341226499487,14.110933095571102
NH,2017,3,1350395,2.2215722066506465,14.11590770021034
NH,2018,2,1355064,1.4759450476139873,14.119359243652845
NH,2019,2,1360783,1.4697420529210021,14.123570827334374
NH,2020,4,1378756,2.901165978606802,14.136692201308286
NH,2021,2,1387677,1.4412575837172483,14.143141684034244
NH,2022,4,1396678,2.8639385742454597,14.14960711775576
NH,2023,4,1402199,2.8526621399672942,14.153552276589723
NH,2024,7,1409032,4.967949627829602,14.158413501765578
NJ,2015,15,8870312,1.6910340921491827,15.998220528413482
NJ,2016,12,8873584,1.3523284391064534,15.998589331300636
NJ,2017,12,8888147,1.35011268377987,16.00022914931875
NJ,2018,12,8891730,1.3495686441221224,16.000632189232746
NJ,2019,12,8891258,1.3496402871224746,16.000579104790457
NJ,2020,8,9272794,0.8627388897024997,16.042595294502714
NJ,2021,11,9270541,1.1865542690550637,16.042352296141193
NJ,2022,8,9295227,0.8606567650257492,16.04501160057159
NJ,2023,11,9379642,1.172752648768471,16.054052153942756
NJ,2024,7,9500851,0.7367761056351688,16.066891931506184
NM,2015,20,2090071,9.569052917341084,14.552708594655849
NM,2016,21,2092555,10.035578515260053,14.553896365349205
NM,2017,21,2092844,10.034192706193105,14.554034464488838
NM,2018,20,2093754,9.552220556951772,14.55446918500145
NM,2019,18,2099634,8.572922709386493,14.557273601789845
NM,2020,16,2118606,7.5521356967742,14.56626888319943
NM,2021,26,2117333,12.279598910516201,14.565667835810256
NM,2022,30,2113868,14.19199306673832,14.56403000259242
NM,2023,22,2121164,10.371663860031568,14.567475552575543
NM,2024,25,2130256,11.735678716548621,14.571752718257061
NV,2015,19,2868531,6.623599326623976,14.869310610007675
NV,2016,13,2919555,4.4527333788882215,14.886941765370548
NV,2017,16,2972097,5.383404377447977,14.90477832224142
NV,2018,23,3030725,7.5889432396538785,14.924312422791504
NV,2019,11,3090771,3.558982532190188,14.943931132313454
NV,2020,25,3116967,8.020617478465445,14.952370971590447
NV,2021,12,3148141,3.811773360850102,14.962322677859449
NV,2022,15,3176116,4.722749420990921,14.971169624611653
NV,2023,19,3214363,5.910968985145735,14.983139762274718
NV,2024,18,3267467,5.508854412301639,14.999525624965091
NY,2015,19,19657321,0.9665610079827256,16.79396039686714
NY,2016,17,19636391,0.8657395343166675,16.792895086367615
NY,2017,16,19593849,0.8165827959580582,16.790726248416284
NY,2018,16,19544098,0.8186614700765418,16.78818390623379
NY,2019,22,19463131,1.130342286654701,16.78403251592189
NY,2020,20,20105171,0.9947689576974998,16.81648760362427
NY,2021,19,19848276,0.957261980839041,16.803627709940283
NY,2022,21,19703747,1.0657871317572236,16.796319378667597
NY,2023,22,19737367,1.1146370232665788,16.79802419908128
NY,2024,27,19867248,1.3590206353693273,16.80458310468432
OH,2015,29,11622315,2.4951999666159455,16.2684375150186
OH,2016,26,11640060,2.233665462205521,16.269963154893457
OH,2017,34,11665706,2.9145257046594524,16.272163984538075
OH,2018,31,11680892,2.6539069105338875,16.27346490231134
OH,2019,24,11696507,2.0518946382881658,16.274800808185407
OH,2020,23,11798905,1.9493334339076378,16.283517288519853
OH,2021,26,11767344,2.209504540701793,16.280838795318065
OH,2022,38,11777874,3.2263887353524074,16.28173324451807
OH,2023,29,11824034,2.4526316483866673,16.285644797673427
OH,2024,45,11883304,3.7868256168486476,16.290644947710224
OK,2015,32,3910518,8.183059124136497,15.179180404005153
OK,2016,26,3928143,6.618903639709654,15.183677353089152
OK,2017,26,3933602,6.60971801417632,15.185066103519842
OK,2018,33,3943488,8.368226301183116,15.18757616883343
OK,2019,34,3960676,8.584393169246866,15.191925275732576
OK,2020,28,3965415,7.061051617548226,15.193121073399977
OK,2021,18,3992238,4.508749227876695,15.199862533874812
OK,2022,28,4026229,6.954398271931378,15.208340763842443
OK,2023,24,4063882,5.9056832850953835,15.217649232385847
OK,2024,17,4095393,4.151005776490804,15.225373241360385
OR,2015,15,4018542,3.732697082673268,15.206429708241359
OR,2016,15,4093271,3.664550917835638,15.224854963886184
OR,2017,12,4147294,2.8934529358179093,15.237966631338232
OR,2018,16,4183538,3.8245140835340803,15.246667857979991
OR,2019,18,4216116,4.2693322479742015,15.254424883056325
OR,2020,16,4243779,3.770224604061616,15.260964703844587
OR,2021,17,4254280,3.995975817294583,15.263436092980577
OR,2022,23,4247372,5.415113157029806,15.261810996700396
OR,2023,18,4253653,4.231656884094683,15.263288701128493
OR,2024,16,4272371,3.7449931197454527,15.267679500420686
PA,2015,18,12789838,1.4073673177095753,16.36416150732938
PA,2016,22,12788468,1.720299882675548,16.36405438530173
PA,2017,23,12794679,1.797622277198201,16.36453993933635
PA,2018,23,12809107,1.7955974604630909,16.365666960279828
PA,2019,14,12798883,1.0938454551072934,16.36486845945698
PA,2020,19,12996143,1.4619722174494387,16.380163179096247
PA,2021,24,13015571,1.8439452252997584,16.381656967903293
PA,2022,23,12984990,1.7712759116487575,16.37930463295932
PA,2023,29,13017721,2.227732488659113,16.38182214102123
PA,2024,32,13078751,2.4467168156959334,16.386499410137297
RI,2015,0,1056886,0,13.870837406623396
RI,2016,2,1057816,1.8906879835434518,13.871716963232277
RI,2017,1,1056554,0.9464731570747922,13.870523226894868
RI,2018,1,1059338,0.9439857722464406,13.87315474268733
RI,2019,0,1058158,0,13.872040218624807
RI,2020,0,1096530,0,13.90766120624693
RI,2021,1,1097246,0.911372654810316,13.908313962066506
RI,2022,1,1099498,0.9095059745447468,13.910364269966658
RI,2023,2,1103429,1.8125316626624821,13.913933161874946
RI,2024,0,1112308,0,13.92194769385849
SC,2015,19,4896006,3.880714198471162,15.403930328663744
SC,2016,17,4963031,3.425326176685175,15.417527200772113
SC,2017,12,5027102,2.3870611736145397,15.430354232900534
SC,2018,12,5091702,2.3567757893136716,15.443122713773281
SC,2019,18,5157702,3.4899263276552235,15.45600168942329
SC,2020,14,5132249,2.727848941078268,15.45105452263652
SC,2021,16,5194274,3.0803149776080354,15.463067422990173
SC,2022,21,5287935,3.9713044884250657,15.480938368456266
SC,2023,21,5387830,3.897673089165768,15.49965326441849
SC,2024,21,5478831,3.832934434371128,15.516402315000118
SD,2015,3,854663,3.5101554647855355,13.658462518173778
SD,2016,4,863693,4.631275233213653,13.668972660569562
SD,2017,3,873732,3.433547128867891,13.680528971459587
SD,2018,3,879386,3.4114711855772097,13.686979215656706
SD,2019,3,887127,3.3817029579755773,13.695743430298464
SD,2020,2,887948,2.2523841486213154,13.69666846170113
SD,2021,3,896492,3.346376766329203,13.706244648395764
SD,2022,7,909723,7.694649909917634,13.720895436550892
SD,2023,3,918305,3.2668884520938035,13.730284858430524
SD,2024,4,924669,4.3258722851095905,13.737191114617488
TN,2015,20,6595354,3.032437682647512,15.701876019721043
TN,2016,22,6651277,3.3076355111958202,15.71031942427181
TN,2017,27,6714748,4.020999745634534,15.719816859312724
TN,2018,25,6778180,3.688305710382433,15.72921918730286
TN,2019,33,6830325,4.83139528499742,15.73688281460229
TN,2020,29,6927904,4.185970244391377,15.751067872315469
TN,2021,34,6965740,4.881032022441262,15.75651440506567
TN,2022,30,7062217,4.247957829673033,15.770269582837518
TN,2023,37,7148304,5.176052949063163,15.782385683735955
TN,2024,36,7227750,4.980803154508664,15.793438342381643
TX,2015,101,27468531,3.6769348896014864,17.128551580121698
TX,2016,81,27914064,2.901763068251187,17.144641205804422
TX,2017,71,28291024,2.509629909472347,17.15805513915855
TX,2018,83,28624564,2.8996074839777473,17.16977578828163
TX,2019,106,28986794,3.6568376620056706,17.18235090492376
TX,2020,83,29239570,2.838619035779254,17.191033486855368
TX,2021,96,29570351,3.2464951126214228,17.202282761896864
TX,2022,118,30113488,3.9185098717225983,17.220483735661745
TX,2023,127,30727890,4.133053066774191,17.240681269204543
TX,2024,144,31290831,4.60198708049652,17.25883567329816
UT,2015,10,2983626,3.3516265108294405,14.908649897330042
UT,2016,8,3044241,2.627912836073097,14.928762166971683
UT,2017,6,3103540,1.9332761942813692,14.948053953426864
UT,2018,19,3155153,6.021894976249963,14.964547547234881
UT,2019,12,3203383,3.7460397336191145,14.979717996840792
UT,2020,17,3284077,5.176492512203581,15.004596196295413
UT,2021,12,3339738,3.593096224913451,15.02140291876229
UT,2022,11,3391011,3.243870338374013,15.036638664983375
UT,2023,20,3443222,5.808513072929948,15.05191821889434
UT,2024,18,3503613,5.13755371954608,15.069305279733419
VA,2015,17,8367303,2.0317179860703027,15.939842168318702
VA,2016,17,8417651,2.0195657909789797,15.945841368674406
VA,2017,23,8471011,2.7151422657814988,15.952160421960832
VA,2018,18,8510920,2.1149299958171386,15.956860602814405
VA,2019,10,8556642,1.1686827612981823,15.962218381432557
VA,2020,15,8637615,1.7365904824422018,15.971637061007058
VA,2021,21,8658910,2.4252475196069714,15.974099406566014
VA,2022,24,8683414,2.7638898709654978,15.976925327279645
VA,2023,23,8734685,2.633180246339736,15.982812439079787
VA,2024,31,8811195,3.518251497101131,15.991533630030597
VT,2015,1,625810,1.5979290839072562,13.346802089635428
VT,2016,2,624366,3.203249376167184,13.344492013866653
VT,2017,1,625132,1.599662151353634,13.345718106418959
VT,2018,2,624802,3.2010140812609436,13.345190078526818
VT,2019,3,624046,4.807337920602007,13.343979362583248
VT,2020,0,642977,0,13.373864232751075
VT,2021,2,647210,3.090187110829561,13.38042609578134
VT,2022,2,648142,3.0857435561960185,13.381865087130137
VT,2023,1,648708,1.5415256170727045,13.382737971482126
VT,2024,1,648493,1.542036691221031,13.382406488540054
WA,2015,16,7167287,2.2323649101814955,15.785037758823377
WA,2016,26,7299961,3.5616628636783125,15.803379563638595
WA,2017,38,7427951,5.115811884057932,15.820760604771694
WA,2018,23,7526793,3.0557503042796577,15.833979612642096
WA,2019,36,7614024,4.728117484263249,15.845502368007871
WA,2020,32,7727209,4.141210623395847,15.860258294563389
WA,2021,13,7743760,1.678771036292447,15.86239791572276
WA,2022,39,7794123,5.003770148354087,15.868880546126553
WA,2023,22,7857320,2.7999368741504735,15.876956139341832
WA,2024,32,7958180,4.021019881430177,15.88971088846164
WI,2015,11,5762927,1.908752271198299,15.566956063324868
WI,2016,17,5775170,2.9436362912260594,15.569078251168301
WI,2017,24,5793147,4.142825997683124,15.572186225209943
WI,2018,13,5809319,2.2377838090833024,15.574973910254307
WI,2019,18,5824581,3.090351048427346,15.577597623498384
WI,2020,18,5897375,3.0522054303821617,15.590017894617553
WI,2021,11,5881608,1.870236846794278,15.587340751876628
WI,2022,12,5903975,2.032528931779013,15.591136410836135
WI,2023,20,5930405,3.3724509540242193,15.595603065437741
WI,2024,19,5960975,3.187398034717475,15.600744616266075
WV,2015,10,1843332,5.424958716064171,14.42708536150284
WV,2016,12,1832435,6.548663390515898,14.42115624144536
WV,2017,11,1818683,6.048332777070001,14.413623170735413
WV,2018,7,1805953,3.876069864498135,14.406598988257194
WV,2019,13,1795263,7.241278854407405,14.400662087277636
WV,2020,6,1791646,3.348875838195715,14.398645308359642
WV,2021,6,1785618,3.360181180969278,14.39527513176348
WV,2022,12,1774122,6.763909133644699,14.388816210625706
WV,2023,14,1770495,7.907393130169812,14.386769726469108
WV,2024,9,1769979,5.084806090919723,14.386478240072849
WY,2015,6,586389,10.232115541048689,13.281738670852032
WY,2016,2,585243,3.417383890110604,13.279782424581072
WY,2017,1,579994,1.7241557671286254,13.270773037641508
WY,2018,4,579054,6.9078186144988205,13.269151016454998
WY,2019,1,580116,1.7237931724000028,13.270983362525268
WY,2020,1,577681,1.7310591831824138,13.266777092185745
WY,2021,3,579636,5.1756619671656,13.270155599301049
WY,2022,10,581978,17.182780105089883,13.274187925311825
WY,2023,1,585067,1.709205954189862,13.279481649570474
WY,2024,7,587618,11.912500978526865,13.283832355896406
